gdp,cpi,unemp,rate_3m,rate_10y
9.610907476351456e-05,-0.0177954987958903,-0.0018794052503154,0.5157930556725642,0.0669218980876783
0.0004192725740359,-0.0080071805360012,0.1052959983452251,0.0142023905290273,-0.0148555381789387
