,gdp,cpi,unemp,rate_3m,rate_10y,gdp_lag1,cpi_lag1,unemp_lag1,rate_3m_lag1,rate_10y_lag1,gdp_lag2,cpi_lag2,unemp_lag2,rate_3m_lag2,rate_10y_lag2,intercept,sigma
Rendement_Fond_Obligataire,2.9208337190720687e-05,-0.0005422657113432195,0.007074492417285871,0.004378576783917182,-0.010016420498080894,-2.642239624573613e-05,-0.0007456352753302716,-0.006249341911009917,-0.009610676952228265,0.011307441607563926,-1.3213409784179777e-06,0.0010455726437278525,-0.00021161701675711148,0.00674705550695143,-0.0038389689165186282,0.03763151792634339,0.013238727537843678
Rendement_Fond_Actions,2.314189814492298e-05,0.008766002025312802,-0.001460997714653275,-0.034182701558872784,0.011457477993201006,-6.337959809655151e-05,-0.01015218598974689,-0.022285771000231783,0.05633497795832318,-0.0047516931479842876,1.9871396316155485e-05,0.0038564771031537916,0.017516378648989285,-0.01852278940594951,-0.007717483423111418,-0.17032054829096555,0.045930010260755445
Rendement_Fond_Monetaire,1.1613473421523196e-06,8.814733960296568e-05,0.000503173355558656,-0.0011495987638543551,0.0003703621636561626,-1.8714157081686676e-06,-0.0002216887340055615,-0.0009562158253563508,0.002031597931124765,-0.0006163235132460532,2.3136881265989025e-07,0.00020588909310569807,0.0007174761676733761,-0.00044973910478747324,0.00018408361203331688,-0.00310402463985281,0.0025798832199732794
Rendement_Fond_Immobilier,4.619962187505568e-06,0.0002949997454990739,-0.0007995930124597721,-0.014763108119171451,0.00678869766529555,1.8281113251059867e-06,0.0006234663821618516,0.00017296465963669166,0.02292015498683553,-0.005281291074546678,-6.548156022869917e-06,-0.0008866105213956633,0.0008750282977436236,-0.00787813957045981,-0.0009113136172902186,-0.0011309533207319727,0.018816855557577027
